name,sequence
RBX1_Enhanced_v2_042_stab,LRAFWFARYFVVALLDFRREIAIVDLDYFWERVVFYIKGVYDFWVEELDVLFYDRYA
RBX1_Ultra_v3_026_beta,LRTGSGGFWWYRVGGSGRRLYSGLWWRTYWKTYISGIRYKLTTVTFFYRFVTFKWLFSRVFYSFFSYKLY
RBX1_Enhanced_v2_007_arom,ILFVFVFIKEEIEFYRKDKFLHFKIIFRFYWGKDGWFVRHILALKFWFFGRFLFEWYKLHFFHVGIHK
RBX1_Enhanced_v2_043_stab,WKEEYEFYYEVYIKAGEYFDFWKEDLFDDACWHCKRAEWFRLIAVDREIVELWEVFIEFEVFIEEALEADWYWRFIKER
RBX1_Enhanced_v2_049_arom,IWRKEIYKKWIVKHYILVIIYLKIILVIDDFFDEFVWWFHGAYFFVYYDYERAARVYFWLEFGKE
RBX1_Ultra_v3_040_loop,RGPGPGLFLFGSGGLRFYGVGWFFWPRVSHYPHPYWRWGFGYSFKRYFPYFYLLWKG
RBX1_Enhanced_v2_019_arom,YEKFYFWDKARRIYLGDFKKIDYIKEDARWYWEADIRRGLKFKLEEEWDVKWFKLVIYYGYVDA
RBX1_Enhanced_v2_036_arom,YYWIFHEWLGIEIGILVIRFHCWIYLVDIDREVVFAFYFYIEFDFKFKWRAKLHKVFIYKALDHHF
RBX1_Enhanced_v2_009_arom,VHGWADFKEWWFVLRAYDWWFAWDEIVHEEDWERHHVVIIELFRKDWFKHIDRIEDDWFREYYFVWRKL
RBX1_Enhanced_v2_034_arom,FLYGHWCHIYRKKEEKEVKYLILRVFFKAIGYIWHWYHRALLFYKKDADERWFKFEFVIFAKAERDIIL
RBX1_Enhanced_v2_002_comp,IAYFIEEEVEAYKFHCWEREDFFKLWDIYERWWDREAEYLKIYYFRKIGLGYIKWAFFGWLA
RBX1_Enhanced_v2_038_arom,LAYWEWKLKEEWDEHFLVWILFILWRYKAWWYWYYKHFFFRYERIIELRWAIVKLKAVKRLGRA
RBX1_Enhanced_v2_016_arom,YHYKKFAEYYFLFILEWWFFGIFIIIRDWKIKIDYEIAKRWLIWAFVKGRLYKDFLRFYYWIYDRKER
RBX1_Enhanced_v2_031_arom,FWRDEDAILVIILYVWHFYEELVWKAEKYIRYDLAVYIIRYIEYLGDFLYYLLYVFGKVDVRKK
RBX1_Enhanced_v2_023_comp,VYGLRVILLAFLILYDEWCHFWDADELYFFEDRVLLWLILIYRWVFREEEVEDADERDYEEFYFFFEDLVVILYYFIWFK
RBX1_Enhanced_v2_020_arom,VKRILKWKRLWHRFYFLFHCWFILLVLRDWHYEEAYWDGDYHYERWWKYKELGKELRVIKI
RBX1_Enhanced_v2_048_stab,KKKIERFLILAVRWCHFLVIAWEKIYWIWLGYAGFEEGAKFRLYYGDVIFFAYALRDYWFGEV
RBX1_Enhanced_v2_039_stab,WRDEDVLVARIIDVRRIGIYLFWRKLVLKFFFGVELRIWWFDIFYIWAEEAEVALWIFYAIAYWFG
RBX1_Enhanced_v2_037_arom,EYIFYYVIYLLLRDAEWYWERVILLDAKVHEWDIARIWLEHYEFFEVALLFYWFIEYFYFDW
RBX1_Enhanced_v2_004_arom,YVFILYELVIIILVIHHDIVEFRGLKWEERFLLERFRADHWWKWKRFDLWWHREGHIFIYF
RBX1_Enhanced_v2_028_comp,VFWLFILEDFWFKDRFLWVWYGYRLYLLYILGRDYDFLYKYDVFEWEGRAYYVAYYFDVKDDKGRLF
RBX1_Enhanced_v2_011_arom,IARFWYWVDWRYVGLHFFKFFYFHHFGVEGVFREEILGKEDRFWFAAYYGFFEYWFFFDIVIFREFKVIYLW
RBX1_Enhanced_v2_046_arom,RLWYWIVYLVFVEEIIHEIKKEEFWDYFRRIKRRRDYWYAWHWYVAVHHYHLLFLYVIRYEWWYWKWEFEY
RBX1_Enhanced_v2_027_arom,YLIFVARDEDFFLILARIFYRIEWHDYFADWIFFWEYVLYVIADVKVIDLYHDFELKEILRVLVDK
RBX1_Enhanced_v2_008_comp,EVFYRIFKIDWCWHCFLDYREHWCHKILKLDLEAYLVDALFVVKRWVKILYWWEYVADFDLYAEIEFEEDYL
RBX1_Enhanced_v2_012_arom,VFLIVIFEIEDHVFLILAFEKLAKYFRRFVDAKYDRYDIRFWKRYLEAFVLIKKVWILFFD
RBX1_Enhanced_v2_033_stab,WYIFYFDLVLLKFIAFRDEKYIIIRFIFDLYWELLAIVGYLIFAWFAGWDAELEKLAGWRLWWFALVAYW
RBX1_Ultra_v3_039_loop,YSGSGGYFWLGPPPWLSIRRSKFFFYLYVGSKHRKWSFPHLIFWVGILKGSRHFSLFVPWI
RBX1_Enhanced_v2_017_arom,IYLVHWCHRFVKEEIVVFYVAFILLRVWYRFIAVLDDVAHEAWDEFGWIIEFHLRWVERWRDFL
RBX1_Enhanced_v2_035_stab,FAVVLLFYFWFIVRGFWFIWWLVKGFGKAFEKWYAARAVIIILKIRYELILAVDIKAKLLAFADDK
RBX1_Enhanced_v2_015_comp,YIRLVIIAWRFWCHFFVVEKARIFWLALFIVFIYKEFAVDLVIKFEYLLAYKFIAFIADRK
RBX1_Enhanced_v2_030_arom,RFRLYLYGHLDWYAYVVGVVVHVIVRYILVIFAKFFFYFFIDYKFFKILALGDHWDVAIWRWGYIGAFLHI
RBX1_Enhanced_v2_018_arom,YEWWFKIYFWVILVIFIIDAFYRRHFFFHWLAALIHLARYFFFEDVFRYYDRVVVIFEYYELLHFFFDFLRFL
RBX1_Enhanced_v2_001_arom,VADLIDRFKEDKRAVIFKGYRWCHFLYWWAYVAVVHIFVDHYVHRFLKRFVEEHRAHLEIYYFAHIDLH
RBX1_Enhanced_v2_026_arom,LILVIIFHEKEDFHWHHWLFLFILYYKHRAVHALRAAIKFLRHEEIEGAWYHYFFYVVKWWHHVFKFAGLAVGIYKYWFR
RBX1_Enhanced_v2_025_arom,IHIKEEIKFHCWVEFVAHFKDILFHIFLLELEDFIELLYELVHKYRRLFAAEVHHHRYERAYWRF
RBX1_Ultra_v3_005_alph,FLEVWREKDAWIFKRWFYLIFILIVSGGGLIFFEARVKEIFYLFWFLVKVYEWIWWYKKLLRYVKDEAKKFK
RBX1_Enhanced_v2_045_arom,EVLLIVGFHDREKEEKLWLGEHFLAILFVWAVFFVYLFVYREALYRFEFKVAKHRKELIIKFDYRFKIEGYIY
RBX1_Enhanced_v2_006_arom,LHAYFLFDRIWRYFFHFDVFLIKEEFLYDFLALEHFKLWVRKIKFGKIFAFKEWF
RBX1_Ultra_v3_001_alph,IYFRWPGPGIFAEYEFLFLAFFDFLREKDKIYIADFWFKLWFLLIWLRLAKVIWEIYEVALKAYDV
RBX1_Enhanced_v2_044_comp,IIDLLIVFAWLFAARARREYFWIIEYKAERDERYLGDEKVAWEDLLRLFKVWRFIFKDIWIVYYIELKYA
RBX1_Ultra_v3_013_alph,KLDEEFWFRDLLDLIREDEAWEWFFWWYFLWWWYEAKRLIYAERFDERIVALYAFKIVVAVA
RBX1_Ultra_v3_047_loop,FFPPGPLLELGPPPGVRVVFFFKVGVFHPRWSGYPFPFFGVGPKWYFGKR
RBX1_Ultra_v3_014_alph,FLKAALELLWFKDEVWWYAIIVFAEELLLVIIVEFWKYLRDFWYAFKAFLWEDLWKLEDILFFRRFWRKAI
RBX1_Enhanced_v2_032_arom,EILECWHCDKDWWFAFHIKLIIEEIAIGFKLYHFLRLKAIHGFVVEWWLVVAFGWDRAWIFFIEWAAKD
RBX1_Ultra_v3_017_alph,DIFVFLVIFRKAVLYHCWCWDIAWRLELLYVIAWLYRFILIEYLWVWYVIFARDIDLIWRRWEWKYL
RBX1_Enhanced_v2_021_stab,LLIVDGFLVYFKFWFIFDKLYRLLYIDGLKAAELAVVYAALVIYGWLLLVEVEKVYKKVEDLAWVYFKDK
RBX1_Ultra_v3_015_alph,VFAALCWHCFLIEVFSGGGFIKKAYFFWREWVLLEVLIVAVLYIAIFDEFVELKWWFLYDIFWLLWKVYKIYL
RBX1_Ultra_v3_052_zinc,YLYKLELLYFWFYYELLLVWFEHAYKFIKCVKLIHHEFFWKEYEVYVWHLHVRFHCHRLKVLRIKHYKFKIKWHFAKYW
RBX1_Ultra_v3_049_loop,SFLFLFFFWWELLLGPYYKFHGKRHFRYKGRVLSYLKVPYWHRWFGLHRKYI
RBX1_Ultra_v3_021_alph,IYDLDCWHCFVDWDILLELRVWAWIHWCHYVIFVIVLLDFLERRFIFIVLYVYEYVYFRRRW
RBX1_Ultra_v3_008_alph,AVADAVFILKFALADHWCHLKIEFEVFILADFFRKIIEVYFKYVWYEDFFYYFAAVWVYRYW
RBX1_Ultra_v3_019_alph,FFKEKIFLVWYADAISGGGIFWVFAELLLWRKYLIWYVRREAKRAFFILKEELFILVEWAFEVFV
RBX1_Ultra_v3_020_alph,YDYDAELLLAVEVLFPGPGLIEARVLFLFFFFLAIAWFYWREWFDYIYIDVIVVKLKLLREYLRFLR
RBX1_Ultra_v3_054_zinc,CYFVLVIFVKEDEVFFLFCAAFKLCEFWRFFWIWYKFLIFCVHCYRRKAFWHVHYEREHEIFAAEFARF
RBX1_Ultra_v3_057_zinc,VHLRELLLKCWHCVLFLFCECWREFLWFRKYVYFRFIAHFLVFAALCHEYHLFLHAHWYFVHAFVKVWC
RBX1_Ultra_v3_043_loop,YRFLFLWWYHIFLVPYFSYKVYLYFSLPKYKHGFGLPHPKFRKSLRSFVLLPRKYGFRFSYYWR
RBX1_Ultra_v3_056_zinc,EAYLFFLFIWFYLYLFLFHAHEIALRFARELRVHYFHCIKLLEKWCKEWIIVCLKRHLVFFCARKEWVVYCFHWAYYLRH
RBX1_Ultra_v3_058_zinc,YCFYHCWCRGSGGYWFYLAWLLYVFVLVCIEWCFEAAVFCFYYRKRAHHRAFIYICWRKEAIRIFYAKK
RBX1_Enhanced_v2_014_stab,FYLGRRDEYGVFLIKVDLYLDGAKEVRKELKFWLALVKRGGIVEVYRVLVYFFKEYYIIVGVWKLGYVRVEVF
RBX1_Enhanced_v2_041_arom,GFKEEYFHWCHYAFLILKYRVFRKIRKVGRLKRIWRGGLILFFVFLAGIFKWKEKWRKLEDAHRYWFYFFGFVLALWDYGVHL
RBX1_Ultra_v3_035_beta,IYFKEDELFWYLGPPGPVRYWTWTFRSIFVRVFWITYGWWLTYIYIGSYGVLIYRRI
RBX1_Ultra_v3_003_alph,LYAWISGGGDLWKAVHWCHFLEFDFREDEWWIAFFAYRWIARYYVEFAIDAYYEIIRRWFDLDYWFI
RBX1_Ultra_v3_051_loop,VIELLLREDEIFLVVSLYWRHSWYLLKYWWVHIWSFGSRFFFHFWSRYWYFWRYGG
RBX1_Ultra_v3_053_zinc,WILWLLELLFWYLVFLFLICHVLAVKLFRCFLIVLILYAILKYFYLKKWFLLFHWIIEFLCVFLIAVVFYCAWK
RBX1_Ultra_v3_038_loop,WWPGPGHCWCGSGGKVSGWSWVYSGIYFSLFHSHYHHLVGHVRFVVGPYFKG
RBX1_Ultra_v3_025_beta,LVFGSGGFFLFLKREDELFFVSYTYGFRIRIFTWIFGIYIYIYGLTLIFYLKLYT
RBX1_Enhanced_v2_005_arom,IGWHFAKEWWDCWHCGHLLAEKFHCWKFDRKVVYEIYFLIFKKIAFYEFFHCWVAKWAWWAALFRLLADAIYFIVDVFKYLF
RBX1_Ultra_v3_028_beta,TYRLLELVWFYLKLLELFLLTYSYWKSVFFFWKVFKIFRVVLFFTTIKRFSVYVWTVKWKRGYLVRSTYL
RBX1_Ultra_v3_031_beta,LIYGGSGFLELLGGGSGTFYYKFLIGRLVRVWVRKWGYLRLLGKWIYKIVWTSIRKWRFWYYKIFKWWFF
RBX1_Enhanced_v2_010_stab,VVIAILDLLDREDVAFVVAIWLVDLLIVAYRYVRIEYVFLFVFAFLIADLVFIYIFREFDGGIFAIKEWRAGL
RBX1_Ultra_v3_018_alph,AYLDLIFLVILEYWIWFYLVEKLFALFLFIYEEFVALFLKFFDIEFALEYFVYIRVYIWRRYWELARYDE
RBX1_Ultra_v3_011_alph,VWWKYREDEWWRVIFHCWCIWFRYRREKDLYKAKRRLKYEDFAIFIFFYIWREWFWWLAK
RBX1_Ultra_v3_004_alph,FLAVKLVIFAEIVEKHCWCFILAYIFLFLIYVVYWWLVFRWFWEIDIELFLKEFRWWFLEA
RBX1_Enhanced_v2_029_comp,YFKIERFLILHWCHEAFVWDAFAYLFVLVILAFGDFIKGKGVVAEYIIKEIDYEVI
RBX1_Enhanced_v2_047_stab,LRFLILGWIFGAGLFLFWRREFKYLLIVAFKRDFVIIDIVKWVLDGLLAFKLRIFLLKLLKLEKFEGL
RBX1_Ultra_v3_002_alph,WLAYVFFLFKLDFFVWFYLKLWLAILFLFFLVLYRKLWALILFRVWIYDRRAIFLALYVKAWRAAVLADFLLY
RBX1_Ultra_v3_009_alph,WEFIIELLLFDLAWIYFWLARKFLLLELLFVVLVVWAVAWLKIYWRRYKIFLEAFYWAEVIFWLFWWV
RBX1_Ultra_v3_048_loop,FPLFLFFFWSFFLFKKRVRWKYFGYWLSSHPPLPVYPWWYVVRRYHVFPVHLFHYSLWGGLY
RBX1_Enhanced_v2_024_comp,ILFVLGIAGELKDRIYRDFLVIIAFDDALVEIERYAWWRGILKDDKERWYEIFDLIIFIERIREYYLDKDLGEY
RBX1_Ultra_v3_060_zinc,VVFRSGGGLLFLFVSGGGKLFCRYYLKVWKWHCLHIKACFHFCAWYAFYVVWIIVECYWVACRRYKVVFIFVVA
RBX1_Ultra_v3_012_alph,LLEAEYFFIKRAVAIFLFLEIIAIYFWFIEAIVLWARFYVRRLEVAIARIRAFDIDVYEWLIY
RBX1_Ultra_v3_037_loop,VFFFWSIFLVFFWVSFLSKWKPWYKWHGKGVHSLVVGPGHKRHFHVSWVFRRWVHSYG
RBX1_Enhanced_v2_022_stab,AWDREDILFVFLEAERWVGVVFAKVDLKLWREYGLDLIDVKWIWVALIIWDAAERDLAIFKKKKGIRE
RBX1_Ultra_v3_036_beta,WKSYFFIIGPPPSHWCHITLVKYYYVGTVSIIWLGGFVKRWKVRWSKKIWLSTKISFYYF
RBX1_Ultra_v3_024_beta,KFGHCWCFVFILFHCWCWLFFIYSYFYKIKVLKGIGKFFTVKYWFKYVVVLWIVRKFSFWS
RBX1_Ultra_v3_050_loop,WLCWHCFFLFHCWCSRFRVVVSGFHFWWLFGHKKPVSHVFYPFSWFLWFW
RBX1_Ultra_v3_034_beta,GTKWWYWFLLELGWFYLSTSIVIIYITTYRLSFSGKIIIVSGRGGKGSKYYTSITIIWGFFY
RBX1_Ultra_v3_006_alph,RFLYKGGSGVEWEDIHCWCALFFVDREDERFLFWAWVALLFFIVKFERYILELKEIIYLEAAFKLERIVLVK
RBX1_Ultra_v3_030_beta,TVFSGGGSLELLLGPPPFTRSLGWYLYYVKGVGVTYRIRFYGKVKFFSWSYGVFLTFRKILYWWTIL
RBX1_Ultra_v3_059_zinc,FIKAPPGPKYFWLLPGPGAFHRRLWLHIYKRELHRAIEHVWVYAAAKVVHKCFLHLVIVEYLKFKRICYWFK
RBX1_Ultra_v3_027_beta,TWRHWCHVPGPGGYFWLIYIFTFYVYKGYFYKWYFVGFLLGIRVKKSFFVFFTFYST
RBX1_Ultra_v3_055_zinc,AHIKHWCHFGGSGVHWCHHFYWYKFRACFKHYVWCHFYEALRCAWWKWFWFCKYIEFVVAYFWWW
RBX1_Ultra_v3_029_beta,VRGELLLISGGGKLLELYIFRKLYLIYVYLLYWWWISGIKILFTSFWFRLYFSVRFKILFITLKI
RBX1_Ultra_v3_022_beta,SGKPGPGVYFFFWGPPPFIGTTYLKWTWYYYIGKSITIIWKVIVVKLILSIFITRVYT
RBX1_Ultra_v3_016_alph,VIKYVLLELIILDREREKDFKELKELELLEYFRWKYFLKYAFDREFRILYVVFLLKILFYEEAIAEILK
RBX1_Ultra_v3_023_beta,FVKLFLFIHCWCFIFLVTGWYKFIIIGVLSKITIGGGSFTLVYFVRLFFLSWFKLLIIVG
RBX1_Ultra_v3_046_loop,VHKEDELELLGSGGLWLWPRSGKVSYHFFFLWIVFYLHVSSRFVHLYPSPGFFHKSKL
RBX1_Ultra_v3_044_loop,HSYFFFFLFLFWYLGSFGYRRKYYKLPKKYYFRFKWYYLRLWYLLLYVHRS
RBX1_Ultra_v3_033_beta,GFLGGSGFIFLVTREDEWIKVIWITRWKWIVLSVWIFGSSRGVVWTVSYFRFLLWKVWTRIRIYTTTSI
