name,sequence,length,quality_score,composition_type,aromatic_content,hydrophobic_content
RBX1_Enhanced_v2_001_arom,VADLIDRFKEDKRAVIFKGYRWCHFLYWWAYVAVVHIFVDHYVHRFLKRFVEEHRAHLEIYYFAHIDLH,69,0.7969565217391306,aromatic_enhanced,0.2318840579710145,0.4927536231884058
RBX1_Enhanced_v2_002_comp,IAYFIEEEVEAYKFHCWEREDFFKLWDIYERWWDREAEYLKIYYFRKIGLGYIKWAFFGWLA,62,0.8767741935483871,compact_optimized,0.3225806451612903,0.5
RBX1_Enhanced_v2_003_comp,EKKVFLFILDEAVILFVIWDIEKYKGKKRVLDLLLIIEVFFDWFEAGVVKAYLIIAEAYA,60,0.6616666666666666,compact_optimized,0.18333333333333332,0.5666666666666667
RBX1_Enhanced_v2_004_arom,YVFILYELVIIILVIHHDIVEFRGLKWEERFLLERFRADHWWKWKRFDLWWHREGHIFIYF,61,0.8318032786885245,aromatic_enhanced,0.26229508196721313,0.5737704918032787
RBX1_Enhanced_v2_005_arom,IGWHFAKEWWDCWHCGHLLAEKFHCWKFDRKVVYEIYFLIFKKIAFYEFFHCWVAKWAWWAALFRLLADAIYFIVDVFKYLF,82,0.7314634146341463,aromatic_enhanced,0.3170731707317073,0.5365853658536586
RBX1_Enhanced_v2_006_arom,LHAYFLFDRIWRYFFHFDVFLIKEEFLYDFLALEHFKLWVRKIKFGKIFAFKEWF,55,0.780909090909091,aromatic_enhanced,0.34545454545454546,0.5818181818181818
RBX1_Enhanced_v2_007_arom,ILFVFVFIKEEIEFYRKDKFLHFKIIFRFYWGKDGWFVRHILALKFWFFGRFLFEWYKLHFFHVGIHK,68,0.8338235294117647,aromatic_enhanced,0.3382352941176471,0.5882352941176471
RBX1_Enhanced_v2_008_comp,EVFYRIFKIDWCWHCFLDYREHWCHKILKLDLEAYLVDALFVVKRWVKILYWWEYVADFDLYAEIEFEEDYL,72,0.8344444444444444,compact_optimized,0.2638888888888889,0.5416666666666666
RBX1_Enhanced_v2_009_arom,VHGWADFKEWWFVLRAYDWWFAWDEIVHEEDWERHHVVIIELFRKDWFKHIDRIEDDWFREYYFVWRKL,69,0.8685507246376811,aromatic_enhanced,0.2898550724637681,0.4927536231884058
RBX1_Enhanced_v2_010_stab,VVIAILDLLDREDVAFVVAIWLVDLLIVAYRYVRIEYVFLFVFAFLIADLVFIYIFREFDGGIFAIKEWRAGL,73,0.7645205479452055,stability_enhanced,0.2054794520547945,0.6301369863013698
RBX1_Enhanced_v2_011_arom,IARFWYWVDWRYVGLHFFKFFYFHHFGVEGVFREEILGKEDRFWFAAYYGFFEYWFFFDIVIFREFKVIYLW,72,0.8572222222222222,aromatic_enhanced,0.4166666666666667,0.6111111111111112
RBX1_Enhanced_v2_012_arom,VFLIVIFEIEDHVFLILAFEKLAKYFRRFVDAKYDRYDIRFWKRYLEAFVLIKKVWILFFD,61,0.8350819672131148,aromatic_enhanced,0.26229508196721313,0.5901639344262295
RBX1_Enhanced_v2_013_stab,KEDFKKELIKEDKIWWKDLFVRFKGVAGDLILAEWIFLIVILKRRIVKIWLILGLYVEGW,60,0.6499999999999999,stability_enhanced,0.16666666666666666,0.55
RBX1_Enhanced_v2_014_stab,FYLGRRDEYGVFLIKVDLYLDGAKEVRKELKFWLALVKRGGIVEVYRVLVYFFKEYYIIVGVWKLGYVRVEVF,73,0.7645205479452055,stability_enhanced,0.2191780821917808,0.5753424657534246
RBX1_Enhanced_v2_015_comp,YIRLVIIAWRFWCHFFVVEKARIFWLALFIVFIYKEFAVDLVIKFEYLLAYKFIAFIADRK,61,0.8318032786885245,compact_optimized,0.2786885245901639,0.6229508196721312
RBX1_Enhanced_v2_016_arom,YHYKKFAEYYFLFILEWWFFGIFIIIRDWKIKIDYEIAKRWLIWAFVKGRLYKDFLRFYYWIYDRKER,68,0.8297058823529412,aromatic_enhanced,0.35294117647058826,0.5882352941176471
RBX1_Enhanced_v2_017_arom,IYLVHWCHRFVKEEIVVFYVAFILLRVWYRFIAVLDDVAHEAWDEFGWIIEFHLRWVERWRDFL,64,0.8384375,aromatic_enhanced,0.25,0.578125
RBX1_Enhanced_v2_018_arom,YEWWFKIYFWVILVIFIIDAFYRRHFFFHWLAALIHLARYFFFEDVFRYYDRVVVIFEYYELLHFFFDFLRFL,73,0.8458904109589042,aromatic_enhanced,0.3972602739726027,0.684931506849315
RBX1_Enhanced_v2_019_arom,YEKFYFWDKARRIYLGDFKKIDYIKEDARWYWEADIRRGLKFKLEEEWDVKWFKLVIYYGYVDA,64,0.8984375,aromatic_enhanced,0.28125,0.46875
RBX1_Enhanced_v2_020_arom,VKRILKWKRLWHRFYFLFHCWFILLVLRDWHYEEAYWDGDYHYERWWKYKELGKELRVIKI,61,0.8252459016393443,aromatic_enhanced,0.2786885245901639,0.5245901639344263
RBX1_Enhanced_v2_021_stab,LLIVDGFLVYFKFWFIFDKLYRLLYIDGLKAAELAVVYAALVIYGWLLLVEVEKVYKKVEDLAWVYFKDK,70,0.77,stability_enhanced,0.22857142857142856,0.6142857142857143
RBX1_Enhanced_v2_022_stab,AWDREDILFVFLEAERWVGVVFAKVDLKLWREYGLDLIDVKWIWVALIIWDAAERDLAIFKKKKGIRE,68,0.7035294117647058,stability_enhanced,0.16176470588235295,0.4852941176470588
RBX1_Enhanced_v2_023_comp,VYGLRVILLAFLILYDEWCHFWDADELYFFEDRVLLWLILIYRWVFREEEVEDADERDYEEFYFFFEDLVVILYYFIWFK,80,0.795,compact_optimized,0.3,0.6125
RBX1_Enhanced_v2_024_comp,ILFVLGIAGELKDRIYRDFLVIIAFDDALVEIERYAWWRGILKDDKERWYEIFDLIIFIERIREYYLDKDLGEY,74,0.6568918918918918,compact_optimized,0.1891891891891892,0.5135135135135135
RBX1_Enhanced_v2_025_arom,IHIKEEIKFHCWVEFVAHFKDILFHIFLLELEDFIELLYELVHKYRRLFAAEVHHHRYERAYWRF,65,0.8007692307692309,aromatic_enhanced,0.2153846153846154,0.49230769230769234
RBX1_Enhanced_v2_026_arom,LILVIIFHEKEDFHWHHWLFLFILYYKHRAVHALRAAIKFLRHEEIEGAWYHYFFYVVKWWHHVFKFAGLAVGIYKYWFR,80,0.7925000000000001,aromatic_enhanced,0.2875,0.55
RBX1_Enhanced_v2_027_arom,YLIFVARDEDFFLILARIFYRIEWHDYFADWIFFWEYVLYVIADVKVIDLYHDFELKEILRVLVDK,66,0.833939393939394,aromatic_enhanced,0.25757575757575757,0.6060606060606061
RBX1_Enhanced_v2_028_comp,VFWLFILEDFWFKDRFLWVWYGYRLYLLYILGRDYDFLYKYDVFEWEGRAYYVAYYFDVKDDKGRLF,67,0.8370149253731343,compact_optimized,0.373134328358209,0.6119402985074627
RBX1_Enhanced_v2_029_comp,YFKIERFLILHWCHEAFVWDAFAYLFVLVILAFGDFIKGKGVVAEYIIKEIDYEVI,56,0.7182142857142857,compact_optimized,0.23214285714285715,0.5714285714285714
RBX1_Enhanced_v2_030_arom,RFRLYLYGHLDWYAYVVGVVVHVIVRYILVIFAKFFFYFFIDYKFFKILALGDHWDVAIWRWGYIGAFLHI,71,0.8301408450704225,aromatic_enhanced,0.30985915492957744,0.647887323943662
RBX1_Enhanced_v2_031_arom,FWRDEDAILVIILYVWHFYEELVWKAEKYIRYDLAVYIIRYIEYLGDFLYYLLYVFGKVDVRKK,64,0.85,aromatic_enhanced,0.265625,0.609375
RBX1_Enhanced_v2_032_arom,EILECWHCDKDWWFAFHIKLIIEEIAIGFKLYHFLRLKAIHGFVVEWWLVVAFGWDRAWIFFIEWAAKD,69,0.7685507246376813,aromatic_enhanced,0.2463768115942029,0.5217391304347826
RBX1_Enhanced_v2_033_stab,WYIFYFDLVLLKFIAFRDEKYIIIRFIFDLYWELLAIVGYLIFAWFAGWDAELEKLAGWRLWWFALVAYW,70,0.8471428571428572,stability_enhanced,0.32857142857142857,0.6428571428571429
RBX1_Enhanced_v2_034_arom,FLYGHWCHIYRKKEEKEVKYLILRVFFKAIGYIWHWYHRALLFYKKDADERWFKFEFVIFAKAERDIIL,69,0.8669565217391304,aromatic_enhanced,0.2608695652173913,0.4927536231884058
RBX1_Enhanced_v2_035_stab,FAVVLLFYFWFIVRGFWFIWWLVKGFGKAFEKWYAARAVIIILKIRYELILAVDIKAKLLAFADDK,66,0.8424242424242424,stability_enhanced,0.25757575757575757,0.5909090909090909
RBX1_Enhanced_v2_036_arom,YYWIFHEWLGIEIGILVIRFHCWIYLVDIDREVVFAFYFYIEFDFKFKWRAKLHKVFIYKALDHHF,66,0.8424242424242424,aromatic_enhanced,0.30303030303030304,0.5909090909090909
RBX1_Enhanced_v2_037_arom,EYIFYYVIYLLLRDAEWYWERVILLDAKVHEWDIARIWLEHYEFFEVALLFYWFIEYFYFDW,62,0.8403225806451613,aromatic_enhanced,0.3548387096774194,0.6451612903225806
RBX1_Enhanced_v2_038_arom,LAYWEWKLKEEWDEHFLVWILFILWRYKAWWYWYYKHFFFRYERIIELRWAIVKLKAVKRLGRA,64,0.8375,aromatic_enhanced,0.3125,0.5625
RBX1_Enhanced_v2_039_stab,WRDEDVLVARIIDVRRIGIYLFWRKLVLKFFFGVELRIWWFDIFYIWAEEAEVALWIFYAIAYWFG,66,0.8384848484848485,stability_enhanced,0.2878787878787879,0.6060606060606061
RBX1_Enhanced_v2_040_stab,FLILDEIGRYGVYFIRIRLRDIKKVFDWCHFLVIFDLILLVYLLVRIWDDKLRELLRAFKFYAVAA,66,0.6589393939393939,stability_enhanced,0.19696969696969696,0.5909090909090909
RBX1_Enhanced_v2_041_arom,GFKEEYFHWCHYAFLILKYRVFRKIRKVGRLKRIWRGGLILFFVFLAGIFKWKEKWRKLEDAHRYWFYFFGFVLALWDYGVHL,83,0.7419277108433735,aromatic_enhanced,0.2891566265060241,0.5301204819277109
RBX1_Enhanced_v2_042_stab,LRAFWFARYFVVALLDFRREIAIVDLDYFWERVVFYIKGVYDFWVEELDVLFYDRYA,57,0.7847368421052632,stability_enhanced,0.2982456140350877,0.5964912280701754
RBX1_Enhanced_v2_043_stab,WKEEYEFYYEVYIKAGEYFDFWKEDLFDDACWHCKRAEWFRLIAVDREIVELWEVFIEFEVFIEEALEADWYWRFIKER,79,0.8360759493670887,stability_enhanced,0.27848101265822783,0.46835443037974683
RBX1_Enhanced_v2_044_comp,IIDLLIVFAWLFAARARREYFWIIEYKAERDERYLGDEKVAWEDLLRLFKVWRFIFKDIWIVYYIELKYA,70,0.78,compact_optimized,0.24285714285714285,0.5428571428571428
RBX1_Enhanced_v2_045_arom,EVLLIVGFHDREKEEKLWLGEHFLAILFVWAVFFVYLFVYREALYRFEFKVAKHRKELIIKFDYRFKIEGYIY,73,0.7745205479452055,aromatic_enhanced,0.2465753424657534,0.547945205479452
RBX1_Enhanced_v2_046_arom,RLWYWIVYLVFVEEIIHEIKKEEFWDYFRRIKRRRDYWYAWHWYVAVHHYHLLFLYVIRYEWWYWKWEFEY,71,0.8315492957746479,aromatic_enhanced,0.36619718309859156,0.6056338028169014
RBX1_Enhanced_v2_047_stab,LRFLILGWIFGAGLFLFWRREFKYLLIVAFKRDFVIIDIVKWVLDGLLAFKLRIFLLKLLKLEKFEGL,68,0.7611764705882353,stability_enhanced,0.20588235294117646,0.6176470588235294
RBX1_Enhanced_v2_048_stab,KKKIERFLILAVRWCHFLVIAWEKIYWIWLGYAGFEEGAKFRLYYGDVIFFAYALRDYWFGEV,63,0.8352380952380952,stability_enhanced,0.2857142857142857,0.5396825396825397
RBX1_Enhanced_v2_049_arom,IWRKEIYKKWIVKHYILVIIYLKIILVIDDFFDEFVWWFHGAYFFVYYDYERAARVYFWLEFGKE,65,0.8569230769230769,aromatic_enhanced,0.3230769230769231,0.6153846153846154
RBX1_Enhanced_v2_050_stab,LIIGEWKDLWDVWLVGIRIWIAWVVWKKLLFILIKEILVILYIYILLILKYREEVIADYEYE,62,0.6617741935483871,stability_enhanced,0.1935483870967742,0.6774193548387096
