name,sequence,length,score
RBX1_Enhanced_v2_001_arom,VADLIDRFKEDKRAVIFKGYRWCHFLYWWAYVAVVHIFVDHYVHRFLKRFVEEHRAHLEIYYFAHIDLH,69,0.7969565217391306
RBX1_Enhanced_v2_002_comp,IAYFIEEEVEAYKFHCWEREDFFKLWDIYERWWDREAEYLKIYYFRKIGLGYIKWAFFGWLA,62,0.8767741935483871
RBX1_Enhanced_v2_003_comp,EKKVFLFILDEAVILFVIWDIEKYKGKKRVLDLLLIIEVFFDWFEAGVVKAYLIIAEAYA,60,0.6616666666666666
RBX1_Enhanced_v2_004_arom,YVFILYELVIIILVIHHDIVEFRGLKWEERFLLERFRADHWWKWKRFDLWWHREGHIFIYF,61,0.8318032786885245
RBX1_Enhanced_v2_005_arom,IGWHFAKEWWDCWHCGHLLAEKFHCWKFDRKVVYEIYFLIFKKIAFYEFFHCWVAKWAWWAALFRLLADAIYFIVDVFKYLF,82,0.7314634146341463
RBX1_Enhanced_v2_006_arom,LHAYFLFDRIWRYFFHFDVFLIKEEFLYDFLALEHFKLWVRKIKFGKIFAFKEWF,55,0.780909090909091
RBX1_Enhanced_v2_007_arom,ILFVFVFIKEEIEFYRKDKFLHFKIIFRFYWGKDGWFVRHILALKFWFFGRFLFEWYKLHFFHVGIHK,68,0.8338235294117647
RBX1_Enhanced_v2_008_comp,EVFYRIFKIDWCWHCFLDYREHWCHKILKLDLEAYLVDALFVVKRWVKILYWWEYVADFDLYAEIEFEEDYL,72,0.8344444444444444
RBX1_Enhanced_v2_009_arom,VHGWADFKEWWFVLRAYDWWFAWDEIVHEEDWERHHVVIIELFRKDWFKHIDRIEDDWFREYYFVWRKL,69,0.8685507246376811
RBX1_Enhanced_v2_010_stab,VVIAILDLLDREDVAFVVAIWLVDLLIVAYRYVRIEYVFLFVFAFLIADLVFIYIFREFDGGIFAIKEWRAGL,73,0.7645205479452055
RBX1_Enhanced_v2_011_arom,IARFWYWVDWRYVGLHFFKFFYFHHFGVEGVFREEILGKEDRFWFAAYYGFFEYWFFFDIVIFREFKVIYLW,72,0.8572222222222222
RBX1_Enhanced_v2_012_arom,VFLIVIFEIEDHVFLILAFEKLAKYFRRFVDAKYDRYDIRFWKRYLEAFVLIKKVWILFFD,61,0.8350819672131148
RBX1_Enhanced_v2_013_stab,KEDFKKELIKEDKIWWKDLFVRFKGVAGDLILAEWIFLIVILKRRIVKIWLILGLYVEGW,60,0.6499999999999999
RBX1_Enhanced_v2_014_stab,FYLGRRDEYGVFLIKVDLYLDGAKEVRKELKFWLALVKRGGIVEVYRVLVYFFKEYYIIVGVWKLGYVRVEVF,73,0.7645205479452055
RBX1_Enhanced_v2_015_comp,YIRLVIIAWRFWCHFFVVEKARIFWLALFIVFIYKEFAVDLVIKFEYLLAYKFIAFIADRK,61,0.8318032786885245
RBX1_Enhanced_v2_016_arom,YHYKKFAEYYFLFILEWWFFGIFIIIRDWKIKIDYEIAKRWLIWAFVKGRLYKDFLRFYYWIYDRKER,68,0.8297058823529412
RBX1_Enhanced_v2_017_arom,IYLVHWCHRFVKEEIVVFYVAFILLRVWYRFIAVLDDVAHEAWDEFGWIIEFHLRWVERWRDFL,64,0.8384375
RBX1_Enhanced_v2_018_arom,YEWWFKIYFWVILVIFIIDAFYRRHFFFHWLAALIHLARYFFFEDVFRYYDRVVVIFEYYELLHFFFDFLRFL,73,0.8458904109589042
RBX1_Enhanced_v2_019_arom,YEKFYFWDKARRIYLGDFKKIDYIKEDARWYWEADIRRGLKFKLEEEWDVKWFKLVIYYGYVDA,64,0.8984375
RBX1_Enhanced_v2_020_arom,VKRILKWKRLWHRFYFLFHCWFILLVLRDWHYEEAYWDGDYHYERWWKYKELGKELRVIKI,61,0.8252459016393443
RBX1_Enhanced_v2_021_stab,LLIVDGFLVYFKFWFIFDKLYRLLYIDGLKAAELAVVYAALVIYGWLLLVEVEKVYKKVEDLAWVYFKDK,70,0.77
RBX1_Enhanced_v2_022_stab,AWDREDILFVFLEAERWVGVVFAKVDLKLWREYGLDLIDVKWIWVALIIWDAAERDLAIFKKKKGIRE,68,0.7035294117647058
RBX1_Enhanced_v2_023_comp,VYGLRVILLAFLILYDEWCHFWDADELYFFEDRVLLWLILIYRWVFREEEVEDADERDYEEFYFFFEDLVVILYYFIWFK,80,0.795
RBX1_Enhanced_v2_024_comp,ILFVLGIAGELKDRIYRDFLVIIAFDDALVEIERYAWWRGILKDDKERWYEIFDLIIFIERIREYYLDKDLGEY,74,0.6568918918918918
RBX1_Enhanced_v2_025_arom,IHIKEEIKFHCWVEFVAHFKDILFHIFLLELEDFIELLYELVHKYRRLFAAEVHHHRYERAYWRF,65,0.8007692307692309
RBX1_Enhanced_v2_026_arom,LILVIIFHEKEDFHWHHWLFLFILYYKHRAVHALRAAIKFLRHEEIEGAWYHYFFYVVKWWHHVFKFAGLAVGIYKYWFR,80,0.7925000000000001
RBX1_Enhanced_v2_027_arom,YLIFVARDEDFFLILARIFYRIEWHDYFADWIFFWEYVLYVIADVKVIDLYHDFELKEILRVLVDK,66,0.833939393939394
RBX1_Enhanced_v2_028_comp,VFWLFILEDFWFKDRFLWVWYGYRLYLLYILGRDYDFLYKYDVFEWEGRAYYVAYYFDVKDDKGRLF,67,0.8370149253731343
RBX1_Enhanced_v2_029_comp,YFKIERFLILHWCHEAFVWDAFAYLFVLVILAFGDFIKGKGVVAEYIIKEIDYEVI,56,0.7182142857142857
RBX1_Enhanced_v2_030_arom,RFRLYLYGHLDWYAYVVGVVVHVIVRYILVIFAKFFFYFFIDYKFFKILALGDHWDVAIWRWGYIGAFLHI,71,0.8301408450704225
RBX1_Enhanced_v2_031_arom,FWRDEDAILVIILYVWHFYEELVWKAEKYIRYDLAVYIIRYIEYLGDFLYYLLYVFGKVDVRKK,64,0.85
RBX1_Enhanced_v2_032_arom,EILECWHCDKDWWFAFHIKLIIEEIAIGFKLYHFLRLKAIHGFVVEWWLVVAFGWDRAWIFFIEWAAKD,69,0.7685507246376813
RBX1_Enhanced_v2_033_stab,WYIFYFDLVLLKFIAFRDEKYIIIRFIFDLYWELLAIVGYLIFAWFAGWDAELEKLAGWRLWWFALVAYW,70,0.8471428571428572
RBX1_Enhanced_v2_034_arom,FLYGHWCHIYRKKEEKEVKYLILRVFFKAIGYIWHWYHRALLFYKKDADERWFKFEFVIFAKAERDIIL,69,0.8669565217391304
RBX1_Enhanced_v2_035_stab,FAVVLLFYFWFIVRGFWFIWWLVKGFGKAFEKWYAARAVIIILKIRYELILAVDIKAKLLAFADDK,66,0.8424242424242424
RBX1_Enhanced_v2_036_arom,YYWIFHEWLGIEIGILVIRFHCWIYLVDIDREVVFAFYFYIEFDFKFKWRAKLHKVFIYKALDHHF,66,0.8424242424242424
RBX1_Enhanced_v2_037_arom,EYIFYYVIYLLLRDAEWYWERVILLDAKVHEWDIARIWLEHYEFFEVALLFYWFIEYFYFDW,62,0.8403225806451613
RBX1_Enhanced_v2_038_arom,LAYWEWKLKEEWDEHFLVWILFILWRYKAWWYWYYKHFFFRYERIIELRWAIVKLKAVKRLGRA,64,0.8375
RBX1_Enhanced_v2_039_stab,WRDEDVLVARIIDVRRIGIYLFWRKLVLKFFFGVELRIWWFDIFYIWAEEAEVALWIFYAIAYWFG,66,0.8384848484848485
RBX1_Enhanced_v2_040_stab,FLILDEIGRYGVYFIRIRLRDIKKVFDWCHFLVIFDLILLVYLLVRIWDDKLRELLRAFKFYAVAA,66,0.6589393939393939
RBX1_Enhanced_v2_041_arom,GFKEEYFHWCHYAFLILKYRVFRKIRKVGRLKRIWRGGLILFFVFLAGIFKWKEKWRKLEDAHRYWFYFFGFVLALWDYGVHL,83,0.7419277108433735
RBX1_Enhanced_v2_042_stab,LRAFWFARYFVVALLDFRREIAIVDLDYFWERVVFYIKGVYDFWVEELDVLFYDRYA,57,0.7847368421052632
RBX1_Enhanced_v2_043_stab,WKEEYEFYYEVYIKAGEYFDFWKEDLFDDACWHCKRAEWFRLIAVDREIVELWEVFIEFEVFIEEALEADWYWRFIKER,79,0.8360759493670887
RBX1_Enhanced_v2_044_comp,IIDLLIVFAWLFAARARREYFWIIEYKAERDERYLGDEKVAWEDLLRLFKVWRFIFKDIWIVYYIELKYA,70,0.78
RBX1_Enhanced_v2_045_arom,EVLLIVGFHDREKEEKLWLGEHFLAILFVWAVFFVYLFVYREALYRFEFKVAKHRKELIIKFDYRFKIEGYIY,73,0.7745205479452055
RBX1_Enhanced_v2_046_arom,RLWYWIVYLVFVEEIIHEIKKEEFWDYFRRIKRRRDYWYAWHWYVAVHHYHLLFLYVIRYEWWYWKWEFEY,71,0.8315492957746479
RBX1_Enhanced_v2_047_stab,LRFLILGWIFGAGLFLFWRREFKYLLIVAFKRDFVIIDIVKWVLDGLLAFKLRIFLLKLLKLEKFEGL,68,0.7611764705882353
RBX1_Enhanced_v2_048_stab,KKKIERFLILAVRWCHFLVIAWEKIYWIWLGYAGFEEGAKFRLYYGDVIFFAYALRDYWFGEV,63,0.8352380952380952
RBX1_Enhanced_v2_049_arom,IWRKEIYKKWIVKHYILVIIYLKIILVIDDFFDEFVWWFHGAYFFVYYDYERAARVYFWLEFGKE,65,0.8569230769230769
RBX1_Enhanced_v2_050_stab,LIIGEWKDLWDVWLVGIRIWIAWVVWKKLLFILIKEILVILYIYILLILKYREEVIADYEYE,62,0.6617741935483871
