Name,Sequence
RBX1_Binder_R001,MELQETPWWFDNQEYDRFWTIKFFFSHWGFRKLDEFEHSHHDRWLTYHHIDWKEPKWWKWWRFWTRKDVLKFPNKVARSD
RBX1_Binder_R002,MRQWEYLRWWLRKPWWEHHRFIDAFEWGFFTYNYAHRKDDESPHNYLRYEWLFDWPHSHLFYKLWKWFYSWHWWEEFWKL
RBX1_Binder_R003,MELQLTPWWFDNQEYDRFWTIKFFFSHWGFRKLDEFEHSHHDRWLTYHHIDWKEIKYWKWWRFWTRKDVLKFPNKVARSD
RBX1_Binder_R004,MEVAANFSRKDVITIEWATFKWDYLEKFWEFWNLRFFHSHSPISYLPHHRFPYNDRWWKETWLAEWGFKIADIRLKF
RBX1_Binder_R005,MFLKPTVFKWYPKFAYEYHHFRDFLLHWGFLERYLWSRKDKQSWWFHWWEYSWVRPHSHHYADFKSWFSDLLQRKWEWF
RBX1_Binder_R006,MELKPTVFKWYWKFAYEYHHFRDQLLHWGFLERYLWSRKDKQSWWFHWIEYSWVKPHSHHYADFKSWDSDLLQRKWEWF
RBX1_Binder_R007,MLSFKRSWWEWVSWYDFWWPLAEFEFWGFFKLSKSKHSHEELELFLHHIYAPVFKFWYQDFVLSWRKDYDEFWERK
RBX1_Binder_R008,MLSFKRSWWEWVSWYDFWWPLAEFEFWGFFKLSKSKHSHEELERFLHHIYAPVFKFWYQDFVLSWRKDYDEFWERK
RBX1_Binder_R009,MAKRYEYYWGFEIYYKPRHHFKEPADWHSHYFWPKFTWFSWWDDFHWWHFSLQRLFDYNVDVTKDRKDRYWIRLARRD
RBX1_Binder_R010,MWDEHRSFWFNLEKRLPRKDLFKWRWFHHFEDLSWWSWYTWDFLYNWGFWKHKFDFHSHPWQQNWFTWIKLKSVFEDY
RBX1_Binder_R011,MAKRYEYYWGFEIFYKPRHHFKEPADWHSHYFWPKFTWFSWWSDFHYVHFSLQRLFDYNLDVTKWRKDRYWIELARRD
RBX1_Binder_R012,MELQETPWWFDNDEYDRFWTIKFFFSHWGFRKLDEFEHSHHERWLTYHHIDWKEPKWWKWWRFWTRKDVLKFPNRVARSD
RBX1_Binder_R013,MEVAASFSRKDVITIEWATFKWDYLEKFWEFWNLRFFHSHSEISYLPHHRFPYNDRWWKETWLAEWGFKIADIRLKF
RBX1_Binder_R014,MYKFDYLVHSHSWKPIDWHHWYFKAEQWWYQLPEQERKDFIWRPKHWGFKNFWKRPWFDQWYRNSFWYEFFSLYEWD
RBX1_Binder_R015,MPRFETLAHSHEFFRRWWWGFREDEWFDFWKFNYDQRDHHVYVNYHHWWTWFRRLLEFVDPLAFKRKDWVLNWNDLWLR
RBX1_Binder_R016,MFLKPTVFKWYWKWAEEYHHFRDPLLHWGFLERYLWSRKDKQSWWFHWWEESWVRPHSHHYADFKSWFSDLLQRKDEWR
RBX1_Binder_R017,MNQFYLDKWGFDFYLRLTRKDFLWHWHFHHLFLDWWRWWRDVFVEDWFKVRPTQWHSHPKEKQFKFWRAVQEDIKKKEY
RBX1_Binder_R018,MWDEHRSFWFNLEKRLPRKDLFKWRWFHHWEDLSWWSWYTWDWLYNWGFWKHYFDFHSHPWQQNFFTWIKLKSVFEDY
RBX1_Binder_R019,MAKRYEYYWGFPIYYKPRHHFKEPADWHSHYFWPKFTWFSWWDDFHWWHFSLQRLDDYNAIVTKDRKDRYWIRTTRRD
RBX1_Binder_R020,MLSENWWFHSHRVDNKLLRKDWVLQFYKWFWTFVAPLWGFFAEFRKFWTFWLRWLKHHRENTFVDFWYEANWASELWP
RBX1_Binder_R021,MWDEHRSFWFNLEKRLPRKDLFKWRWFHHWEDLSWWSWYTWDWLYNWGFWKHFFDFHSHPWQQFFFTAIKLKSVFEDY
RBX1_Binder_R022,MYKFDYLVHSHSWKPIDWHHWYFKAESWWYQLREQLRKDKIWRPKHWGFYNFDKRFWFDQFYRNSFWYEFFSLWEWF
RBX1_Binder_R023,MNQFYLDKWGFDFYLRLTRKDFLWHFHFHHLFLDWWRWWRDVFLEDWFKVRPTQWHSHPKEKQFKFWRAVQEDIKKKEY
RBX1_Binder_R024,MFSFKRSWWEWVSWYDFWWPLWEFEFWGFFKFSRSKHSHEELDLFLHHIYAPVFKFWYQDFVLSWRKDYQEFWERK
RBX1_Binder_R025,MWDDAARSRKDDQWEFADFWELEFPDWKWGFKWTRFEPHSHYREHFTKHHNIRKWDWWWKVVQWFDWFKLVLDRFVWE
RBX1_Binder_R026,MLSYNWWFHSHRVDNKLERKDWVLQFYKFFETFVAPLWGFFAEFRKFWTFWYRWLKHHRENTFVDFWYEANWASWLLP
RBX1_Binder_R027,MWDDAALSRKDDQWEFADFWELWFPDWKWGFKWRRFEPHSHYREHFTKHHNIRKQDWWWKVVQWFDWVKLVLDRFVWE
RBX1_Binder_R028,MASIQPYPWGFSWKLWAEHSHLFFDNVSWFWKDALRYRKDLVAKYLEFWTIFFHFAEWWWSYVKQLHHWYWELYAKWYSW
RBX1_Binder_R029,MYKFDYLVHSHSWKPIDWHHWYFKAEQWWYQLREQLRKDKIWRPKHWGFYNFWKRFWFDQFYRNSFWYEFFSLWEWF
RBX1_Binder_R030,MLYELLFKWGFELWIKYYHSHVFKYFKLWKLVKLQRPWWPFNLERVHHWFFTKDWRKDTEFVWDFFEYWKAFEYFHLNL
RBX1_Binder_R031,MLYELLFKWGFELWIKYYHSHVFKYFKLWKLVKLQRPWWPFQLERVHHWFFTKDWRKDTEFVWDFFEYWDAFEYFHLNL
RBX1_Binder_R032,MLSYNWWFHSHRVDNKLLRKDWVLQFYKWFWTFVAPLWGFFAEFRKFWTFWLRWLKHHRENTFVDFWYEANWASWLWP
RBX1_Binder_R033,MWDDAARSRKDDKWEFADFWELEFPDWKWGFKWTRFEPHSHYVEHFTKHHNIRKWDWWWKVWQWFDKFKLVLDRFWWE
RBX1_Binder_R034,MLEVSDKSFWTVNDFSRWHHFTWDLFHWGFYPKLPERHSHFEFLFKYRKDEWFYKKYWKWFARFFSWWFHDWNVFWHADW
RBX1_Binder_R035,MRFWEYLRWWLRKFWWEHHRFIDAFEWGFFTYNYVHRKDDESPHNYFRYEWLFDWPHSHLFYKLWKWFYSVHWVEEFWKL
RBX1_Binder_R036,MASIQPYPWGFSWKLWADHSHLFFDFVSWFWKDALRYRKDLVAKYLEFWTIFKHFAEWWWSYVIQLHHWFWELYAKWYSW
RBX1_Binder_R037,MLYELLFKWGFELWIKEDHSHVFKYFKLWKLVKLERPWWPFNLERVHHWFFTKDWRKDTEFVWDFFELWKAFEWFHLNL
RBX1_Binder_R038,MASIQPYPWGFSWKLWAEHSHLFFDFVSWFWKDALRYRKDLVAKYLEFWTIFFHFAEWWWSYVIQLHHWFWELYAKWYSW
RBX1_Binder_R039,MEWFFPLYRWYDYPEAFYHSHFRVFDANWFTWFNPWAHHEVLIHAVWGFLDVRFLERKDYEWFLRHWWWPYRRYLSFWSF
RBX1_Binder_R040,MPRFATLAHSHEFVRRWWWGFREDEWFDFWKFNYDQRDHHVYVNATHWKRWFRRLLELVDPLAFKRKDWVANWNDLWLR
RBX1_Binder_R041,MPHYYDDDWFLPFSRVWRWYEKYHDVFSYKERHDVRHSHLITVWYHWGFLEWDWRVHHFDWWIRFRKDVVEYVYKF
RBX1_Binder_R042,MDHYYLDDWFLPFSRVWRWYQKYHDVFSYKERHDVRHSHLITVWYHWGFLEWDWRVHHFDWWIRFRKDVVEYVYPF
RBX1_Binder_R043,MWDDAARSRKDDQWEFADFAELEFPDWFWGFKWTRFEPHSHYREHFAKHHNIRKWEWWWKVVQWFDWKKLLLDRFVWE
RBX1_Binder_R044,MLREENWWWEFWFDNRKDWVNEIVSFERHRAFHHSRLHVPFWYHWAWKPWGFEKTLLIHSHIYRYEPLLAPLLE
RBX1_Binder_R045,MLREENWWWEFWFDNRKDWANIIVSFERLRAHHHSRLHVPFWYHWAWKPWGFEKKLFIHSHDYRYNPLLAPFLE
RBX1_Binder_R046,MFRDWKFFEYFTLKFAHSHSDEQFPHHLLRETEWFKYLSEWRWTDFHVWWGFKDFQLLRKDIPQEAYWNREWWF
RBX1_Binder_R047,MLREENWWWEFWFDNRKDWANEIVSFERLRHFHHSRLHVPFWYHYKWKPWGFEKTLFIHSHFYRYEPLLAPLLE
RBX1_Binder_R048,MFRDWQFFEYFTLKWAHSHSDEQFPHHLLREFEWFKYLSLWRWTDFHVWWGFKDFQLLRKDIPQEAHWNREWWF
RBX1_Binder_R049,MLRVQYWEWYATVWDQRKDDWWLDWWTAPYWADWGFFLQLLFHSHADKQWKWFRFFRDYHHHVLPRPKLLFE
RBX1_Binder_R050,MLREENWWWEFWFDNRKDWANEIVSFERLRAFHHSRLHVPFWYHWAWKPWGFEKTLFIHSHIYRYEPLLAPLLE
RBX1_Binder_R051,MWRFRFQWFWRFERDFWDWAWSYDRKDSFFLRDWGFFSLPFYRWLRLIPYHHLAFEYWHSHFLRLWERDTQLLF
RBX1_Binder_R052,MNLYRWAEWYEFERNWHSHWLYPYVHHYAEQKLWGFEYAWQRWFHPLWVPWWSIKQFYRKDEFYVEWPEAYHLF
RBX1_Binder_R053,MEWKLEEWGFFDQVEKRKDIAWPWEWFEARTRLHSHFFWKFPHHWFASRWWELREWLQFWYRYEHWYHIVHTW
RBX1_Binder_R054,MRLRDFWSWDPRDKWRKDSENLNWFSYTYWEPYWFTEKFTKHHRHDRLVHSHAKYEDWWGFDDFDYQVKDWK
RBX1_Binder_R055,MYRQQYKEWYATVWDQRKDDWWLDWWTAPYWADWGFFLQLLFHSHADKLWKWFRFFRDYHHHVLPRPKLDFE
RBX1_Binder_R056,MQFEEQWWGFDWKLFPWFRPFWYEHHYVERWLHSHVWERTKRKDLWWKPRFWYKYDDWKWWSIWHRPYVRWWFE
RBX1_Binder_R057,MFEWKYWHSHPLELHWWFPIRWKDHHSALFNWFRYWWHYWRWWSEVWAHRKDTWFWEQWGFRWLSFEFWSDFF
RBX1_Binder_R058,MHYYPFFHHAEPFDAHSHVWLNTFWGFSVQLDLWTIYRRFWRKDFYYERWFSYAKWEFLKFFIKYFDINLTIR
RBX1_Binder_R059,MEYWWPVWWTYLFHYWGFFQWITPRKDEKKEYWHHFWVHLFHSHFHWTWEWFKFKYKFFRYADWLTEWWKLQRE
RBX1_Binder_R060,MFHWEDESHSHIFSVFEFWRWRWAVTTHHFLIPSWVRWQFKWYELFTYSRLVDRVWGFQWFHEPERKDRRLLFSFDH
RBX1_Binder_R061,MHLKQEQEFWKVTKDAKWHSHFYSLFRFWGFANIKDWYEFKWRWYWNWWSYQEYREHHWKYEQFTRKDLEDFDKWRT
RBX1_Binder_R062,MLEASLDSHSHSLTHQKSFWYKFWSWKRWFQEDLLFEWGFYRWETYKHHQIWDIFKWWTWEFYKERKDPWLLKFAFKEW
RBX1_Binder_R063,MLWRFEDARKDYYIPFDRFWELFTHDKWHHEFRSFWWHSHKNWTKYATWAQYRDYVWGFEYIFDEKWFAKQKSANDSV
RBX1_Binder_R064,MLVDYQHYFDYYKLETAWKFFFDYYEWWRWELSLAHHHVLDKQWRWGFVYQNKQRRKDAFEWNIKHSHLHTNYFYEP
RBX1_Binder_R065,MYKQDYLVHSHSWKPIDWHHWYFKAEQWWYQLREQLRKDKIEREKHWGFYNKWKRFWFDQSYRNSFWYEFFSLWEWF
RBX1_Binder_R066,MEHESYRKWWHRHQREFWTFWYDYFWHHRDFDQRVFRYHFDFYPYRKDYYWEHWSHSHYFHDLLDWGFKWFTLYNVK
RBX1_Binder_R067,MQEEHAYTWWTLFKFYFHSHEVARNWKRKDEWYKDWRHHVDWLFRSFWTFQRAVFPWFEWSAKWKWGFFLHEWFDSF
RBX1_Binder_R068,MADYREEAHSHDWAAKHFFTYRWFIKYQRKDEVVLRFHWGFWFNFYIKWWNDKFWHYHHKEEEHWIKFYFKEFRYF
RBX1_Binder_R069,MEVLVKEVWKFIVEYWDWGFNSEVLTEHHFFKFWAHRKDWRWWFEEWWYTHRRNRFWRFWNKDWEHSHTKKYSPFSTQ
RBX1_Binder_R070,MARFLWKAWFEFNKNDYFKYIRWKAFSWWDFLSLRWRKDWERPYENWGFERYSRYWHHEELYERWHSHDKLNEYYFDY
RBX1_Binder_R071,MADVEREIWWSWKKWFYHSHLVRQKQAWGFVRLQFRYWSWLWPKEFRKDKEWIANLFEYKWFLETWHHWLKAREDFVKE
RBX1_Binder_R072,MLKFRWVYHHYENYWLKWFSFFHEWIWGFREFEDFNHSHDWKWYKRWWDWFSRWIEWYEYAARYWRKDWYSAALPI
RBX1_Binder_R073,MVSFKRKWWTWVSWYDFWWRLFEFEFWGFFKFSKSKHSHDEYELFLHHIYAPVFKFWYKDFVLSFRKDYDEFWERK
RBX1_Binder_R074,MELQETPWWFDNQEFDRFWTIKFFFVHWGFRKLDEFEHSHHDRELTYHHIDWKEPKRWHWFRFWKRKDYLKFPNKVARSD
RBX1_Binder_R075,MWDNYLLQWGFFSATWYEHSHWARFWWDWFKYDVFADFWYRVWTARLWEIWEIWVNHHFSKFPYLRKDREQRKVWET
RBX1_Binder_R076,MWESSIVDWWDWVSIAWHHFRFQDWWRKDADWWYKQFWYRIRWVVEWFDYSETAWHSHKRRSQEEWGFERKFFFEIW
RBX1_Binder_R077,MYDYATQWFKYWLHREWLSWNFWENYRRKDFWEIRFYWGFFEYHRYTHHHDYFQDVWKYWELWFRHSHFVWESNWKP
RBX1_Binder_R078,MEYWWKIKWGFWEFRLKKWWEIAHDDKHSHLYFDRVAKFNIYYRKQFWDLLVEEYYRKDWSLRFKLHHERAYEWPVFDF
RBX1_Binder_R079,MFKFHWRYRKDYVFDWFEHHFFFKVKEWWLDLRFDLFTYYKRWRWFHSHKDAQFWEWFRYHDLFTWGFLRFKATVNWLE
RBX1_Binder_R080,MNHFYLDKWGFDFYERWTRKDFLWHFHFHHLFLDWWRWWRDVFDEDWFKVRPTSWHSHPKEKEFWFWRPVQEDIKKKEY
RBX1_Binder_R081,MFVSWVDAHSHVRAQDNYRKDFAKNLSTWWLKTRLRVFKYEWDLRWPWFHESQKYWWGFFEFTPPTHHKRKKYHKEEWV
RBX1_Binder_R082,MLSFKRSWWEWVSWYKFWWPLAEFEFWGFFLLSLSKHSHEELELSLHHIYAPVFKFWYQDFVLSWRKDYDEFWERK
RBX1_Binder_R083,MYDLELHNHSHEYWLDAVRFWPIELLRWGFYEEQLIKWWLQYFELARKDWWFPILDHHWLYEFFRFWYQTFDKWWHWWKL
RBX1_Binder_R084,MPLQETPWWFDNQEYDHADTIKFFFSHWGFRKLDEFEHSHHDRWLTYHHIYWAEPKWWKWWRFWTRKDVLKFPNKVARSD
RBX1_Binder_R085,MLKYEYWPRKDFQHFHKRWWKWYDWNLWGFQLVFKFFHSHFWHWYYNHHFTEYLKFFTYEEWQYSYWSLATFKFVQFEK
RBX1_Binder_R086,MEVAASFSRKDVITIEWATFKWFYLEKFWEFWNLRFFHSHSEISYLPHHRFPYNDRWWKETWLAEWGFKIADIRLKY
RBX1_Binder_R087,MFLVPTYFHWYPKFAYEDHHFRDFLLHWGFLERYLWSRKDKISWWFHWWEYSWVRWHSHHYADFKSWFSDLLQRKWEWF
RBX1_Binder_R088,MPRFEPLAHSHEFFRRWWWGFREDEWFDFWAFNYDQRDHHVYVNYHHWWTWFRRLLEFVDPLAFKRKDAVLNWNDQWLR
RBX1_Binder_R089,MFLKPTVFKWYPKFAYEYHHFFDFLLHWGFLERYLWLRKDKDSWWFHWWEYSWVFPHSHQYADFKSWFSDLLQRKWEWF
RBX1_Binder_R090,MWKVDWRFRKDRDFPFFRWWSYKLFKEFWKFLRWDREHSHEEWYWKLHHLERRDTDWGFRNLWSDDWFEEFWKFFEELSW
RBX1_Binder_R091,MLSFDYKEWFKWRWRDRWWYDYEWKFHHWYKNYLPRKDDVWLKWADWYFKVYTFAHSHKPEFKSWWGFPEARRRYY
RBX1_Binder_R092,MLEHVIEVHHKWNYWERWFDWWNEFFHSHWFYRLFTFWEWDWWFQRWGFRFRLVQAWEFPRAKLERKDQDEEFEVP
RBX1_Binder_R093,MELKESYDHSHEYDTREKWGFQWILSDFHHWRVLWNLWFHFEEWPWWWRKVWYKPFWDAFWEKELRKDWKWWINEE
RBX1_Binder_R094,MKVRYEYYWGFEWYYKPRHHKKEPADWHSHYFWPKFTWFSWWDFFHWWHFSLQRLFDYNVDKTKDRKDRYWIRYDRRD
RBX1_Binder_R095,MWDEHRSFWFNLEKRLPRKDLFKWRWFHHWEDLSWWSWYTWDWLYNWGFWKHYFDFHSHPWQQDFHTWIQLFSVFEDY
RBX1_Binder_R096,MIDDAARSRKDDQELFAVFWELEFPDWKWGFKWTRFEPHSHYREHFTEHHNIRKWDWWWKVVQWFDWFKLVLNRFVWE
RBX1_Binder_R097,MWDTHRSFWFNLEKRLPRKDLFKWRWFHHWEDLSWWSWYTWDWLYNWGFWKHYLDFHSHPWQQNFWFWIKLKSVFEEF
RBX1_Binder_R098,MKKDLAFPWFKEYYEYFHSHDNVEPADFWYQKYVFERWWSFIWEYERKDEYSWWTRHHELELYPTWGFRVETWARLY
RBX1_Binder_R099,MWRYEWNWWRLPLQRHHRYLWDDRKDLLVRNQWFFDNNYFKWYTLTQELHSHWELLLSWGFRTEEEVQFTFW
RBX1_Binder_R100,MAKRYEYYWGFEIYYKPRHHFKEPADYHSHYFWPKFTWFSWWDDFHWWWFSLQRLFDYNVDVTKERKDRYWIRLFRRD
